"","param","conf_lower","conf_upper","method","estimate","species","trait"
"1","rmax",31.8942773863404,35.7214500843482,"residual bootstrap",33.9480570598985,"Thrips hawaiiensis","juvenile mortality rate"
"2","topt",21.0827545296279,22.1450608301235,"residual bootstrap",21.612,"Thrips hawaiiensis","juvenile mortality rate"
"3","ctmin",-1.54502452125872,3.7028639500498,"residual bootstrap",1.551,"Thrips hawaiiensis","juvenile mortality rate"
"4","ctmax",36.5755574730652,40.7581916142487,"residual bootstrap",38.43,"Thrips hawaiiensis","juvenile mortality rate"
"5","thermal_safety_margin",14.558765082148,19.1560004225774,"residual bootstrap",16.818,"Thrips hawaiiensis","juvenile mortality rate"
"6","thermal_tolerance",34.512707002343,41.1142785452459,"residual bootstrap",36.879,"Thrips hawaiiensis","juvenile mortality rate"
"7","breadth",6.574,7.788,"residual bootstrap",6.98,"Thrips hawaiiensis","juvenile mortality rate"
"8","r_tref",17.2804475745683,20.6363407546576,"residual bootstrap",18.7413605631697,"Thrips hawaiiensis","juvenile mortality rate"
"9","e",1.00764771112928,1.46959730884461,"residual bootstrap",1.2199734640288,"Thrips hawaiiensis","juvenile mortality rate"
"10","eh",2.79633880124172,3.31909762339276,"residual bootstrap",3.06414615584489,"Thrips hawaiiensis","juvenile mortality rate"
"11","rmax",66.5698435147803,114.236057126947,"residual bootstrap",77.7954321940704,"Bemisia tabaci","juvenile mortality rate"
"12","topt",16.8756613316671,21.3141397424706,"residual bootstrap",18.811,"Bemisia tabaci","juvenile mortality rate"
"13","ctmin",-8.54397524447885,14.2738136481704,"residual bootstrap",5.778,"Bemisia tabaci","juvenile mortality rate"
"14","ctmax",45.3448958741005,79.369332904054,"residual bootstrap",59.048,"Bemisia tabaci","juvenile mortality rate"
"15","thermal_safety_margin",24.6609161568557,62.0126819818097,"residual bootstrap",40.237,"Bemisia tabaci","juvenile mortality rate"
"16","thermal_tolerance",41.0074590768355,75.8417206079387,"residual bootstrap",53.27,"Bemisia tabaci","juvenile mortality rate"
"17","breadth",4.30470474223256,11.7800633029087,"residual bootstrap",8.191,"Bemisia tabaci","juvenile mortality rate"
"18","r_tref",57.6214813082785,5304.68191930059,"residual bootstrap",99.9600132302935,"Bemisia tabaci","juvenile mortality rate"
"19","e",1.05779200227266,17.2043241496046,"residual bootstrap",2.43092848059918,"Bemisia tabaci","juvenile mortality rate"
"20","eh",2.00051329806534,16.7981582666919,"residual bootstrap",3.10430740173084,"Bemisia tabaci","juvenile mortality rate"
"21","rmax",83.9405374827742,121.183901069159,"residual bootstrap",107.19904963556,"Tetraneura nigriabdominalis","juvenile mortality rate"
"22","topt",25.8566254045705,33.3171802909437,"residual bootstrap",33.051,"Tetraneura nigriabdominalis","juvenile mortality rate"
"23","ctmin",-38.793,-15.293,"residual bootstrap",-Inf,"Tetraneura nigriabdominalis","juvenile mortality rate"
"24","ctmax",32.5306137266187,39.1979687363521,"residual bootstrap",35.222,"Tetraneura nigriabdominalis","juvenile mortality rate"
"25","thermal_safety_margin",0.948327883622518,13.0428706415574,"residual bootstrap",2.171,"Tetraneura nigriabdominalis","juvenile mortality rate"
"26","thermal_tolerance",51.176,76.378,"residual bootstrap",Inf,"Tetraneura nigriabdominalis","juvenile mortality rate"
"27","breadth",6.46381503787558,17.9097020285654,"residual bootstrap",9.982,"Tetraneura nigriabdominalis","juvenile mortality rate"
"28","r_tref",43.9531200397438,73.476942089861,"residual bootstrap",66.9408165788964,"Tetraneura nigriabdominalis","juvenile mortality rate"
"29","e",0.0891432335810502,0.415426826948433,"residual bootstrap",0.201231533512852,"Tetraneura nigriabdominalis","juvenile mortality rate"
"30","eh",5.49996117726007,82.4089132898241,"residual bootstrap",30.0276431683818,"Tetraneura nigriabdominalis","juvenile mortality rate"
"31","rmax",53.9649787103636,67.4738980106685,"residual bootstrap",60.845487352935,"Stethorus punctillum","juvenile mortality rate"
"32","topt",14.8518259584625,18.0056595453201,"residual bootstrap",16.481,"Stethorus punctillum","juvenile mortality rate"
"33","ctmin",-31.8214251559586,6.68209140946472,"residual bootstrap",-0.390999999999998,"Stethorus punctillum","juvenile mortality rate"
"34","ctmax",40.1554633579099,62.3577866920485,"residual bootstrap",48.029,"Stethorus punctillum","juvenile mortality rate"
"35","thermal_safety_margin",23.1494885627582,47.3012558592631,"residual bootstrap",31.548,"Stethorus punctillum","juvenile mortality rate"
"36","thermal_tolerance",41.4423359027044,71.7668281690688,"residual bootstrap",48.42,"Stethorus punctillum","juvenile mortality rate"
"37","breadth",6.57571745865509,11.5349671980033,"residual bootstrap",8.526,"Stethorus punctillum","juvenile mortality rate"
"38","r_tref",71.3778710181725,2230.64012739335,"residual bootstrap",125.078685978902,"Stethorus punctillum","juvenile mortality rate"
"39","e",0.546924331841721,5.51739285590325,"residual bootstrap",1.63572958372299,"Stethorus punctillum","juvenile mortality rate"
"40","eh",1.72136484973515,5.18582032875669,"residual bootstrap",2.50645196568343,"Stethorus punctillum","juvenile mortality rate"
"41","rmax",70.1487741133019,90.4090953966968,"residual bootstrap",80.2048133326882,"Tetranychus urticae","juvenile mortality rate"
"42","topt",8.96384634018689,10.000685413085,"residual bootstrap",8.927,"Tetranychus urticae","juvenile mortality rate"
"43","ctmin",5.48415971588709,6.359,"residual bootstrap",6.24,"Tetranychus urticae","juvenile mortality rate"
"44","ctmax",47.108320642989,63.7582981532823,"residual bootstrap",52.855,"Tetranychus urticae","juvenile mortality rate"
"45","thermal_safety_margin",37.945823671026,54.2840268261797,"residual bootstrap",43.928,"Tetranychus urticae","juvenile mortality rate"
"46","thermal_tolerance",40.9160024224296,57.777562213096,"residual bootstrap",46.615,"Tetranychus urticae","juvenile mortality rate"
"47","breadth",3.95,5.613,"residual bootstrap",4.275,"Tetranychus urticae","juvenile mortality rate"
"48","r_tref",49.1157194620528,59.0081274109312,"residual bootstrap",51.629281707834,"Tetranychus urticae","juvenile mortality rate"
"49","e",-0.657491568846086,-0.446039374421114,"residual bootstrap",-0.546691266264263,"Tetranychus urticae","juvenile mortality rate"
"50","eh",-16.7867813952367,-16.7867813952367,"residual bootstrap",-16.6652905574648,"Tetranychus urticae","juvenile mortality rate"
"51","rmax",310.610396551468,453.430865403487,"residual bootstrap",423.531930475815,"Planococcus citri","juvenile mortality rate"
"52","topt",12.7404250392735,15.5048155309875,"residual bootstrap",12.715,"Planococcus citri","juvenile mortality rate"
"53","ctmin",4.07483770124453,11.5338155309875,"residual bootstrap",11.53,"Planococcus citri","juvenile mortality rate"
"54","ctmax",37.1906183763887,53.7593128367764,"residual bootstrap",44.268,"Planococcus citri","juvenile mortality rate"
"55","thermal_safety_margin",21.7058243990903,40.8643128367764,"residual bootstrap",31.553,"Planococcus citri","juvenile mortality rate"
"56","thermal_tolerance",27.8640950828593,42.469564183882,"residual bootstrap",32.738,"Planococcus citri","juvenile mortality rate"
"57","breadth",2.67930205993183,5.99038510329178,"residual bootstrap",2.928,"Planococcus citri","juvenile mortality rate"
"58","r_tref",310.652105316233,469.395798460205,"residual bootstrap",338.654209766027,"Planococcus citri","juvenile mortality rate"
"59","e",-1.03724491303879,-0.610217615203078,"residual bootstrap",-0.750969968828798,"Planococcus citri","juvenile mortality rate"
"60","eh",-35.9729624283807,-4.23039201818261,"residual bootstrap",-42.1636513470571,"Planococcus citri","juvenile mortality rate"
"61","rmax",420.063676787286,502.490331794259,"residual bootstrap",467.512479244339,"Muscidifurax zaraptor","juvenile mortality rate"
"62","topt",25.5180925308083,27.2316195822655,"residual bootstrap",26.397,"Muscidifurax zaraptor","juvenile mortality rate"
"63","ctmin",-7.72299939363498,2.9836175382772,"residual bootstrap",-2.512,"Muscidifurax zaraptor","juvenile mortality rate"
"64","ctmax",32.691,35.2200012554401,"residual bootstrap",34.17,"Muscidifurax zaraptor","juvenile mortality rate"
"65","thermal_safety_margin",5.402,9.243041253277,"residual bootstrap",7.773,"Muscidifurax zaraptor","juvenile mortality rate"
"66","thermal_tolerance",32.1396223068267,42.1319038840172,"residual bootstrap",36.682,"Muscidifurax zaraptor","juvenile mortality rate"
"67","breadth",4.80854632869792,6.36656497947823,"residual bootstrap",5.804,"Muscidifurax zaraptor","juvenile mortality rate"
"68","r_tref",135.892267692013,186.202451780874,"residual bootstrap",167.865935230373,"Muscidifurax zaraptor","juvenile mortality rate"
"69","e",0.632136257415695,0.978253664766744,"residual bootstrap",0.758637698750684,"Muscidifurax zaraptor","juvenile mortality rate"
"70","eh",4.97077483156496,8.71700881956947,"residual bootstrap",5.89377175478729,"Muscidifurax zaraptor","juvenile mortality rate"
"71","rmax",98.1248632007522,144.463691329093,"residual bootstrap",121.67159968528,"Aphis nasturtii","juvenile mortality rate"
"72","topt",12.5947610966851,18.7094958870833,"residual bootstrap",14.461,"Aphis nasturtii","juvenile mortality rate"
"73","ctmin",0.0503069514797387,8.99860472915787,"residual bootstrap",4.259,"Aphis nasturtii","juvenile mortality rate"
"74","ctmax",20.428,31.825066951581,"residual bootstrap",27.367,"Aphis nasturtii","juvenile mortality rate"
"75","thermal_safety_margin",1.891,17.6843094261981,"residual bootstrap",12.906,"Aphis nasturtii","juvenile mortality rate"
"76","thermal_tolerance",14.447,27.8135001267664,"residual bootstrap",23.108,"Aphis nasturtii","juvenile mortality rate"
"77","breadth",1.994,5.27436287825667,"residual bootstrap",4.296,"Aphis nasturtii","juvenile mortality rate"
"78","r_tref",127.665146354637,36589.4138274393,"residual bootstrap",330.181381600574,"Aphis nasturtii","juvenile mortality rate"
"79","e",1.46757083326604,9.26340700522869,"residual bootstrap",2.56157717542776,"Aphis nasturtii","juvenile mortality rate"
"80","eh",3.60265471006624,23.8115154499335,"residual bootstrap",4.63294003982445,"Aphis nasturtii","juvenile mortality rate"
"81","rmax",106.167250858641,125.055045182314,"residual bootstrap",111.78171698331,"Rhopalosiphum maidis","juvenile mortality rate"
"82","topt",22.6542695880077,28.130164277176,"residual bootstrap",23.906,"Rhopalosiphum maidis","juvenile mortality rate"
"83","ctmin",-43.76,-37.317,"residual bootstrap",-Inf,"Rhopalosiphum maidis","juvenile mortality rate"
"84","ctmax",30.6334852584139,34.3067304119923,"residual bootstrap",32.89,"Rhopalosiphum maidis","juvenile mortality rate"
"85","thermal_safety_margin",2.57102695880078,11.2787304119923,"residual bootstrap",8.984,"Rhopalosiphum maidis","juvenile mortality rate"
"86","thermal_tolerance",70.182,77.862,"residual bootstrap",Inf,"Rhopalosiphum maidis","juvenile mortality rate"
"87","breadth",9.5155560373308,14.2112602998065,"residual bootstrap",11.707,"Rhopalosiphum maidis","juvenile mortality rate"
"88","r_tref",83.6873374141334,92.3594085422912,"residual bootstrap",88.343976137442,"Rhopalosiphum maidis","juvenile mortality rate"
"89","e",0.160715181249022,0.293672327446046,"residual bootstrap",0.22968322443211,"Rhopalosiphum maidis","juvenile mortality rate"
"90","eh",4.20724043590246,24.7601508429484,"residual bootstrap",5.59565515168246,"Rhopalosiphum maidis","juvenile mortality rate"
"91","rmax",43.8869681890471,54.8342028968274,"residual bootstrap",49.5726844001078,"Aedes aegypti","juvenile mortality rate"
"92","topt",12.0465132207162,16.2345891793419,"residual bootstrap",14.802,"Aedes aegypti","juvenile mortality rate"
"93","ctmin",7.269,9.88248793448525,"residual bootstrap",9.199,"Aedes aegypti","juvenile mortality rate"
"94","ctmax",44.2281568425429,65.0402236700815,"residual bootstrap",50.046,"Aedes aegypti","juvenile mortality rate"
"95","thermal_safety_margin",28.1389833910153,46.3138737463695,"residual bootstrap",35.244,"Aedes aegypti","juvenile mortality rate"
"96","thermal_tolerance",35.2930497845328,56.2181154124909,"residual bootstrap",40.847,"Aedes aegypti","juvenile mortality rate"
"97","breadth",3.9482983755582,6.332,"residual bootstrap",5.046,"Aedes aegypti","juvenile mortality rate"
"98","r_tref",47.4194731706271,69.95810559175,"residual bootstrap",53.7703336327876,"Aedes aegypti","juvenile mortality rate"
"99","e",-0.916591302210658,-0.562577025196013,"residual bootstrap",-0.705223246831901,"Aedes aegypti","juvenile mortality rate"
"100","eh",-35.7694581386932,-5.34357428548855,"residual bootstrap",-7.35501730637247,"Aedes aegypti","juvenile mortality rate"
"101","rmax",71.4330533057174,77.6050486696531,"residual bootstrap",74.8913958027676,"Anopheles gambiae","juvenile mortality rate"
"102","topt",21.338358251314,21.9648931939399,"residual bootstrap",21.638,"Anopheles gambiae","juvenile mortality rate"
"103","ctmin",9.80082027303816,12.4362165104751,"residual bootstrap",11.397,"Anopheles gambiae","juvenile mortality rate"
"104","ctmax",35.431849420701,38.8858025654955,"residual bootstrap",37.601,"Anopheles gambiae","juvenile mortality rate"
"105","thermal_safety_margin",14.1846531568181,17.4991043158773,"residual bootstrap",15.963,"Anopheles gambiae","juvenile mortality rate"
"106","thermal_tolerance",24.3144915403877,27.5135009813328,"residual bootstrap",26.204,"Anopheles gambiae","juvenile mortality rate"
"107","breadth",4.48924581510458,5.07783114202903,"residual bootstrap",4.811,"Anopheles gambiae","juvenile mortality rate"
"108","r_tref",10.8283235131677,18.395897626841,"residual bootstrap",15.5505808169743,"Anopheles gambiae","juvenile mortality rate"
"109","e",2.32773406183714,3.53928561267966,"residual bootstrap",2.79897107780146,"Anopheles gambiae","juvenile mortality rate"
"110","eh",4.21763883051714,5.13835999017834,"residual bootstrap",4.52068583246057,"Anopheles gambiae","juvenile mortality rate"
"111","rmax",1180.13205628987,1445.02501714806,"residual bootstrap",1306.80409565648,"Anoplophora glabripennis","juvenile mortality rate"
"112","topt",20.4083029826642,22.459155129709,"residual bootstrap",21.507,"Anoplophora glabripennis","juvenile mortality rate"
"113","ctmin",-5.74100148919438,5.68574254351395,"residual bootstrap",1.268,"Anoplophora glabripennis","juvenile mortality rate"
"114","ctmax",33.9588901680892,46.8618560146662,"residual bootstrap",37.266,"Anoplophora glabripennis","juvenile mortality rate"
"115","thermal_safety_margin",12.2213469482514,26.5895639890777,"residual bootstrap",15.759,"Anoplophora glabripennis","juvenile mortality rate"
"116","thermal_tolerance",31.2583438406991,44.6703269352142,"residual bootstrap",35.998,"Anoplophora glabripennis","juvenile mortality rate"
"117","breadth",5.95719803801248,8.684,"residual bootstrap",6.823,"Anoplophora glabripennis","juvenile mortality rate"
"118","r_tref",618.158963209453,1009.02891465228,"residual bootstrap",722.608428989812,"Anoplophora glabripennis","juvenile mortality rate"
"119","e",0.813313694809329,1.83546131839201,"residual bootstrap",1.1954739431704,"Anoplophora glabripennis","juvenile mortality rate"
"120","eh",2.53085793340316,3.79016978530417,"residual bootstrap",3.18593856142635,"Anoplophora glabripennis","juvenile mortality rate"
"121","rmax",35.3588907068177,39.3425498833156,"residual bootstrap",37.3780014914719,"Culex annulirostris","juvenile mortality rate"
"122","topt",18.6872020571566,20.8374026457227,"residual bootstrap",19.846,"Culex annulirostris","juvenile mortality rate"
"123","ctmin",-20.1017028866997,-3.26967629007231,"residual bootstrap",-9.744,"Culex annulirostris","juvenile mortality rate"
"124","ctmax",45.1163934927222,55.1563345275747,"residual bootstrap",49.452,"Culex annulirostris","juvenile mortality rate"
"125","thermal_safety_margin",24.0745157811732,35.7078209530966,"residual bootstrap",29.606,"Culex annulirostris","juvenile mortality rate"
"126","thermal_tolerance",54.2750816727169,66.9300075498296,"residual bootstrap",59.196,"Culex annulirostris","juvenile mortality rate"
"127","breadth",10.1059149191441,12.6920010309021,"residual bootstrap",11.165,"Culex annulirostris","juvenile mortality rate"
"128","r_tref",32.7103093813503,49.0337524593962,"residual bootstrap",38.5706509878677,"Culex annulirostris","juvenile mortality rate"
"129","e",0.518597097903798,1.09993028457042,"residual bootstrap",0.800420990296772,"Culex annulirostris","juvenile mortality rate"
"130","eh",1.62760076938374,2.01837411400846,"residual bootstrap",1.85595304875155,"Culex annulirostris","juvenile mortality rate"
"131","rmax",67.0606016216422,75.4546740899703,"residual bootstrap",71.4950630164143,"Anthonomus grandis","juvenile mortality rate"
"132","topt",16.1510992299299,17.2745768952092,"residual bootstrap",16.633,"Anthonomus grandis","juvenile mortality rate"
"133","ctmin",5.5576216575959,8.06212037454863,"residual bootstrap",7.083,"Anthonomus grandis","juvenile mortality rate"
"134","ctmax",50.3321019468368,60.5446816032024,"residual bootstrap",55.171,"Anthonomus grandis","juvenile mortality rate"
"135","thermal_safety_margin",33.2995620522262,44.1537342555341,"residual bootstrap",38.538,"Anthonomus grandis","juvenile mortality rate"
"136","thermal_tolerance",43.6785433135833,53.8665114988041,"residual bootstrap",48.088,"Anthonomus grandis","juvenile mortality rate"
"137","breadth",6.37344144051102,7.71880399535485,"residual bootstrap",6.858,"Anthonomus grandis","juvenile mortality rate"
"138","r_tref",150.481521444435,309.759838100515,"residual bootstrap",199.802076013318,"Anthonomus grandis","juvenile mortality rate"
"139","e",2.69620115991669,4.33105728344287,"residual bootstrap",3.52535721807096,"Anthonomus grandis","juvenile mortality rate"
"140","eh",3.48028401584682,5.0284756377127,"residual bootstrap",4.20080383301845,"Anthonomus grandis","juvenile mortality rate"
"141","rmax",371.387627768017,514.347595265327,"residual bootstrap",433.952801328991,"Laricobius nigrinus","juvenile mortality rate"
"142","topt",9.00797394234981,10.9167147876045,"residual bootstrap",10.169,"Laricobius nigrinus","juvenile mortality rate"
"143","ctmin",2.991,5.289,"residual bootstrap",4.563,"Laricobius nigrinus","juvenile mortality rate"
"144","ctmax",30.4546548229621,55.427,"residual bootstrap",36.258,"Laricobius nigrinus","juvenile mortality rate"
"145","thermal_safety_margin",19.5371860480502,46.264,"residual bootstrap",26.089,"Laricobius nigrinus","juvenile mortality rate"
"146","thermal_tolerance",25.9335749730841,50.509,"residual bootstrap",31.695,"Laricobius nigrinus","juvenile mortality rate"
"147","breadth",3.83901977547668,5.61941512538308,"residual bootstrap",4.362,"Laricobius nigrinus","juvenile mortality rate"
"148","r_tref",29833.7680429133,22791477.0202051,"residual bootstrap",214759.142499664,"Laricobius nigrinus","juvenile mortality rate"
"149","e",3.6637062385208,8.82893118648554,"residual bootstrap",6.06808742513569,"Laricobius nigrinus","juvenile mortality rate"
"150","eh",4.97430179394261,9.44558316186141,"residual bootstrap",6.97666867000714,"Laricobius nigrinus","juvenile mortality rate"
"151","rmax",430.274584614594,645.52742993167,"residual bootstrap",547.533504532074,"Aubeonymus mariaefranciscae","juvenile mortality rate"
"152","topt",16.0548432163623,16.621,"residual bootstrap",16.32,"Aubeonymus mariaefranciscae","juvenile mortality rate"
"153","ctmin",14.2786577077473,14.7395678050616,"residual bootstrap",14.593,"Aubeonymus mariaefranciscae","juvenile mortality rate"
"154","ctmax",31.396,41.5553326601833,"residual bootstrap",37.074,"Aubeonymus mariaefranciscae","juvenile mortality rate"
"155","thermal_safety_margin",15.255,25.2502125037833,"residual bootstrap",20.754,"Aubeonymus mariaefranciscae","juvenile mortality rate"
"156","thermal_tolerance",16.743,26.9525949498747,"residual bootstrap",22.481,"Aubeonymus mariaefranciscae","juvenile mortality rate"
"157","breadth",2.05551678706895,3.14699277541936,"residual bootstrap",2.613,"Aubeonymus mariaefranciscae","juvenile mortality rate"
"158","r_tref",76.3726224973338,146.30067211138,"residual bootstrap",116.483612277338,"Aubeonymus mariaefranciscae","juvenile mortality rate"
"159","e",17.9057347045,32.9992437716741,"residual bootstrap",25.5539863916512,"Aubeonymus mariaefranciscae","juvenile mortality rate"
"160","eh",19.1830681751077,35.0778263787611,"residual bootstrap",26.7035752599256,"Aubeonymus mariaefranciscae","juvenile mortality rate"
"161","rmax",63.6833635949285,90.6446946082191,"residual bootstrap",70.0420038406445,"Helicoverpa armigera","juvenile mortality rate"
"162","topt",15.9239031865446,21.9272377052709,"residual bootstrap",19.788,"Helicoverpa armigera","juvenile mortality rate"
"163","ctmin",-17.6141944235524,7.88963771575993,"residual bootstrap",1.801,"Helicoverpa armigera","juvenile mortality rate"
"164","ctmax",42.7181026598862,83.994861729393,"residual bootstrap",51.491,"Helicoverpa armigera","juvenile mortality rate"
"165","thermal_safety_margin",21.5706777343111,64.3400489173583,"residual bootstrap",31.703,"Helicoverpa armigera","juvenile mortality rate"
"166","thermal_tolerance",41.2246628046786,77.5756321398015,"residual bootstrap",49.69,"Helicoverpa armigera","juvenile mortality rate"
"167","breadth",7.12169080203487,12.8201718984995,"residual bootstrap",8.808,"Helicoverpa armigera","juvenile mortality rate"
"168","r_tref",51.0014487422495,3071.81666308227,"residual bootstrap",69.2250133568161,"Helicoverpa armigera","juvenile mortality rate"
"169","e",0.623921935438781,9.3829405017814,"residual bootstrap",1.54294410185221,"Helicoverpa armigera","juvenile mortality rate"
"170","eh",1.68903237845063,3.60488581920419,"residual bootstrap",2.43588897609559,"Helicoverpa armigera","juvenile mortality rate"
"171","rmax",79.3672430804947,129.073232096969,"residual bootstrap",104.230645274085,"Paracoccus marginatus","juvenile mortality rate"
"172","topt",15.7680539176015,17.7659241723404,"residual bootstrap",15.973,"Paracoccus marginatus","juvenile mortality rate"
"173","ctmin",11.5698871160542,14.6389460823985,"residual bootstrap",14.441,"Paracoccus marginatus","juvenile mortality rate"
"174","ctmax",55.0443622271719,83.6072210577738,"residual bootstrap",Inf,"Paracoccus marginatus","juvenile mortality rate"
"175","thermal_safety_margin",39.1141005592607,67.7278475509713,"residual bootstrap",Inf,"Paracoccus marginatus","juvenile mortality rate"
"176","thermal_tolerance",40.4916977438459,70.7889135397077,"residual bootstrap",Inf,"Paracoccus marginatus","juvenile mortality rate"
"177","breadth",3.95504886885882,18.6737919027079,"residual bootstrap",6.186,"Paracoccus marginatus","juvenile mortality rate"
"178","r_tref",40.9204383634412,314.312603685893,"residual bootstrap",91.9168718705094,"Paracoccus marginatus","juvenile mortality rate"
"179","e",6.48421837166218,42.2900110788792,"residual bootstrap",36.082780364105,"Paracoccus marginatus","juvenile mortality rate"
"180","eh",7.5216316927393,42.9742269199096,"residual bootstrap",36.3930484341192,"Paracoccus marginatus","juvenile mortality rate"
"181","rmax",402.129161110009,567.734391569092,"residual bootstrap",468.55462709387,"Halyomorpha halys","juvenile mortality rate"
"182","topt",29.2042870160471,29.253,"residual bootstrap",29.209,"Halyomorpha halys","juvenile mortality rate"
"183","ctmin",-2.74623207835414,9.786,"residual bootstrap",2.832,"Halyomorpha halys","juvenile mortality rate"
"184","ctmax",30.22,30.3824236826978,"residual bootstrap",30.327,"Halyomorpha halys","juvenile mortality rate"
"185","thermal_safety_margin",1.08,1.08,"residual bootstrap",1.118,"Halyomorpha halys","juvenile mortality rate"
"186","thermal_tolerance",21.224,33.2821085857274,"residual bootstrap",27.495,"Halyomorpha halys","juvenile mortality rate"
"187","breadth",2.258,3.11691048981248,"residual bootstrap",2.837,"Halyomorpha halys","juvenile mortality rate"
"188","r_tref",61.6115453657644,132.779777006554,"residual bootstrap",100.158336670096,"Halyomorpha halys","juvenile mortality rate"
"189","e",0.573563843905609,1.15420257493137,"residual bootstrap",0.824084226771151,"Halyomorpha halys","juvenile mortality rate"
"190","eh",51.3606483590204,51.8769902261338,"residual bootstrap",50.9968313039804,"Halyomorpha halys","juvenile mortality rate"
"191","rmax",276.387176581321,288.116644723089,"residual bootstrap",282.766363732193,"Muscidifurax raptorellus","juvenile mortality rate"
"192","topt",22.2610576234499,22.5228938690604,"residual bootstrap",22.394,"Muscidifurax raptorellus","juvenile mortality rate"
"193","ctmin",5.822,7.31304501069012,"residual bootstrap",6.686,"Muscidifurax raptorellus","juvenile mortality rate"
"194","ctmax",35.03,35.9312260417144,"residual bootstrap",35.483,"Muscidifurax raptorellus","juvenile mortality rate"
"195","thermal_safety_margin",12.4590653823899,13.6149732483203,"residual bootstrap",13.089,"Muscidifurax raptorellus","juvenile mortality rate"
"196","thermal_tolerance",27.9464037432018,29.7838837458995,"residual bootstrap",28.797,"Muscidifurax raptorellus","juvenile mortality rate"
"197","breadth",5.3128856095653,5.66628914450945,"residual bootstrap",5.464,"Muscidifurax raptorellus","juvenile mortality rate"
"198","r_tref",90.5577627652478,98.6648223562868,"residual bootstrap",95.1109315395728,"Muscidifurax raptorellus","juvenile mortality rate"
"199","e",1.51001887981769,1.71915999495439,"residual bootstrap",1.59775749725616,"Muscidifurax raptorellus","juvenile mortality rate"
"200","eh",3.83062698171944,4.06445932832331,"residual bootstrap",3.94165975415056,"Muscidifurax raptorellus","juvenile mortality rate"
"201","rmax",82.0821141542181,207.683855326582,"residual bootstrap",120.441276074243,"Aedes albopictus","juvenile mortality rate"
"202","topt",11.3785744845867,20.4102584676463,"residual bootstrap",17.163,"Aedes albopictus","juvenile mortality rate"
"203","ctmin",-5.8469021123937,10.0605716693771,"residual bootstrap",4.102,"Aedes albopictus","juvenile mortality rate"
"204","ctmax",28.6248470353787,77.9132202846032,"residual bootstrap",40.924,"Aedes albopictus","juvenile mortality rate"
"205","thermal_safety_margin",8.40974972744426,66.6407420512598,"residual bootstrap",23.761,"Aedes albopictus","juvenile mortality rate"
"206","thermal_tolerance",20.4889288573874,67.5731874147438,"residual bootstrap",36.822,"Aedes albopictus","juvenile mortality rate"
"207","breadth",3.66156874865956,11.15011403035,"residual bootstrap",6.504,"Aedes albopictus","juvenile mortality rate"
"208","r_tref",99.4167077983742,389688.774922716,"residual bootstrap",257.674458094569,"Aedes albopictus","juvenile mortality rate"
"209","e",-6.44965283851152,-0.4570308643467,"residual bootstrap",-1.13053352637974,"Aedes albopictus","juvenile mortality rate"
"210","eh",-5.72234605196782,-1.96204397345716,"residual bootstrap",-3.28722773662084,"Aedes albopictus","juvenile mortality rate"
"211","rmax",736.120516293924,790.954007648466,"residual bootstrap",758.576507075397,"Acyrthosiphon pisum","juvenile mortality rate"
"212","topt",11.311,11.311,"residual bootstrap",11.344,"Acyrthosiphon pisum","juvenile mortality rate"
"213","ctmin",9.668,9.668,"residual bootstrap",9.654,"Acyrthosiphon pisum","juvenile mortality rate"
"214","ctmax",20.565,22.0423920511587,"residual bootstrap",21.151,"Acyrthosiphon pisum","juvenile mortality rate"
"215","thermal_safety_margin",9.018,10.5909212521533,"residual bootstrap",9.807,"Acyrthosiphon pisum","juvenile mortality rate"
"216","thermal_tolerance",10.958,12.3217940032954,"residual bootstrap",11.497,"Acyrthosiphon pisum","juvenile mortality rate"
"217","breadth",1.743,1.85526352929926,"residual bootstrap",1.811,"Acyrthosiphon pisum","juvenile mortality rate"
"218","r_tref",245.05277851725,254.981899280991,"residual bootstrap",249.53547599144,"Acyrthosiphon pisum","juvenile mortality rate"
"219","e",-2.56784930012993,-2.15404373520042,"residual bootstrap",-2.34289225056075,"Acyrthosiphon pisum","juvenile mortality rate"
"220","eh",-25.2525152044379,-25.0961630226184,"residual bootstrap",-24.5415662809387,"Acyrthosiphon pisum","juvenile mortality rate"
"221","rmax",24.2761195455525,30.4853329929248,"residual bootstrap",27.1904515336986,"Aphis gossypii","juvenile mortality rate"
"222","topt",18.020092251556,21.4153830439819,"residual bootstrap",19.623,"Aphis gossypii","juvenile mortality rate"
"223","ctmin",-16.6610603958755,3.80656305124779,"residual bootstrap",-2.576,"Aphis gossypii","juvenile mortality rate"
"224","ctmax",37.6902027731677,57.1317525814542,"residual bootstrap",44.97,"Aphis gossypii","juvenile mortality rate"
"225","thermal_safety_margin",17.2066012043745,38.8327269867111,"residual bootstrap",25.347,"Aphis gossypii","juvenile mortality rate"
"226","thermal_tolerance",39.452346240788,58.0117944202994,"residual bootstrap",47.546,"Aphis gossypii","juvenile mortality rate"
"227","breadth",7.44315472393863,11.0376100421062,"residual bootstrap",8.929,"Aphis gossypii","juvenile mortality rate"
"228","r_tref",19.4742795487967,40.0379058827458,"residual bootstrap",26.0103207300532,"Aphis gossypii","juvenile mortality rate"
"229","e",0.640303416297283,2.03694227972333,"residual bootstrap",1.12903305166341,"Aphis gossypii","juvenile mortality rate"
"230","eh",1.8514869702861,2.73690942648321,"residual bootstrap",2.30418628374074,"Aphis gossypii","juvenile mortality rate"
"231","rmax",188.08889129631,412.341175717975,"residual bootstrap",203.856260421369,"Harmonia axyridis","juvenile mortality rate"
"232","topt",16.6232930835998,21.9810537223672,"residual bootstrap",20.812,"Harmonia axyridis","juvenile mortality rate"
"233","ctmin",-11.8326385056876,7.69904392787837,"residual bootstrap",-0.338000000000001,"Harmonia axyridis","juvenile mortality rate"
"234","ctmax",35.8187834723623,43.4023892517653,"residual bootstrap",38.977,"Harmonia axyridis","juvenile mortality rate"
"235","thermal_safety_margin",14.296415087135,24.2153003240378,"residual bootstrap",18.165,"Harmonia axyridis","juvenile mortality rate"
"236","thermal_tolerance",33.3458780981953,49.2457568775478,"residual bootstrap",39.315,"Harmonia axyridis","juvenile mortality rate"
"237","breadth",6.32584584683011,9.14528931287841,"residual bootstrap",7.41,"Harmonia axyridis","juvenile mortality rate"
"238","r_tref",117.613057418342,465.438379678263,"residual bootstrap",136.967403352027,"Harmonia axyridis","juvenile mortality rate"
"239","e",0.69154304880309,3.79634163562349,"residual bootstrap",1.14810941735589,"Harmonia axyridis","juvenile mortality rate"
"240","eh",2.43370323031996,3.165683349061,"residual bootstrap",2.84733218153622,"Harmonia axyridis","juvenile mortality rate"
"241","rmax",319.190613070614,559.130977117259,"residual bootstrap",361.666348590677,"Tribolium castaneum","juvenile mortality rate"
"242","topt",21.8488427672056,25.0953595451407,"residual bootstrap",23.163,"Tribolium castaneum","juvenile mortality rate"
"243","ctmin",7.58785528519933,18.26,"residual bootstrap",11.018,"Tribolium castaneum","juvenile mortality rate"
"244","ctmax",34.2898267229955,42.9705342629602,"residual bootstrap",38.936,"Tribolium castaneum","juvenile mortality rate"
"245","thermal_safety_margin",10.2606676455054,20.5446531206303,"residual bootstrap",15.773,"Tribolium castaneum","juvenile mortality rate"
"246","thermal_tolerance",16.967,31.5197084326412,"residual bootstrap",27.918,"Tribolium castaneum","juvenile mortality rate"
"247","breadth",2.799,5.78701903651942,"residual bootstrap",5.219,"Tribolium castaneum","juvenile mortality rate"
"248","r_tref",0.475178446164211,92.0581261915949,"residual bootstrap",65.2166827783678,"Tribolium castaneum","juvenile mortality rate"
"249","e",1.64402154065036,9.61814346837134,"residual bootstrap",2.27879310783686,"Tribolium castaneum","juvenile mortality rate"
"250","eh",3.55110090103792,11.2476400465049,"residual bootstrap",4.09044698739697,"Tribolium castaneum","juvenile mortality rate"
"251","rmax",73.2996959813059,119.78304016526,"residual bootstrap",97.3482539429727,"Tetranychus mcdanieli","juvenile mortality rate"
"252","topt",14.7475296408348,22.1397594258392,"residual bootstrap",17.52737398,"Tetranychus mcdanieli","juvenile mortality rate"
"253","ctmin",0.043884638807649,13.6770037040328,"residual bootstrap",9.23037398,"Tetranychus mcdanieli","juvenile mortality rate"
"254","ctmax",48.1335122162703,85.1198321712945,"residual bootstrap",65.70837398,"Tetranychus mcdanieli","juvenile mortality rate"
"255","thermal_safety_margin",29.3550406535183,69.0941601069365,"residual bootstrap",48.181,"Tetranychus mcdanieli","juvenile mortality rate"
"256","thermal_tolerance",39.0014607762087,74.5258315795401,"residual bootstrap",56.478,"Tetranychus mcdanieli","juvenile mortality rate"
"257","breadth",4.36207875343554,10.6386881363282,"residual bootstrap",7.111,"Tetranychus mcdanieli","juvenile mortality rate"
"258","r_tref",82.3961716908326,399.845852901537,"residual bootstrap",132.676589847967,"Tetranychus mcdanieli","juvenile mortality rate"
"259","e",-1.37716792404345,-0.288950105259575,"residual bootstrap",-0.549456690544983,"Tetranychus mcdanieli","juvenile mortality rate"
"260","eh",-54.4689038120137,-2.31003897078973,"residual bootstrap",-4.96586978835283,"Tetranychus mcdanieli","juvenile mortality rate"
